-- ==========================================
-- World Cup 2026 Predictions - Seed Data
-- ==========================================

-- ملاحظة مهمة: قمنا بتعطيل فحص المفاتيح الخارجية (Foreign Keys) مؤقتاً
-- حتى نتمكن من إدراج المستخدمين في جدول public.users دون الحاجة
-- لإدخالهم في جدول auth.users التابع لـ Supabase (لتسهيل الاختبار السريع).
SET session_replication_role = 'replica';

-- ==========================================
-- 1. المستخدمين (1 مدير + 20 مستخدم)
-- ==========================================
INSERT INTO public.users (id, username, email, role, total_points) VALUES
('11111111-1111-1111-1111-000000000000', 'admin2026', 'admin@wc2026.local', 'admin', 0),
('22222222-2222-2222-2222-000000000001', 'ahmed_ali', 'ahmed@example.com', 'user', 45),
('22222222-2222-2222-2222-000000000002', 'sara_h', 'sara@example.com', 'user', 30),
('22222222-2222-2222-2222-000000000003', 'khaled99', 'khaled@example.com', 'user', 50),
('22222222-2222-2222-2222-000000000004', 'mona_art', 'mona@example.com', 'user', 15),
('22222222-2222-2222-2222-000000000005', 'youssef_k', 'youssef@example.com', 'user', 60),
('22222222-2222-2222-2222-000000000006', 'layla_m', 'layla@example.com', 'user', 25),
('22222222-2222-2222-2222-000000000007', 'omar_dev', 'omar@example.com', 'user', 10),
('22222222-2222-2222-2222-000000000008', 'fatima_s', 'fatima@example.com', 'user', 35),
('22222222-2222-2222-2222-000000000009', 'tariq_r', 'tariq@example.com', 'user', 40),
('22222222-2222-2222-2222-000000000010', 'hadeel_w', 'hadeel@example.com', 'user', 55),
('22222222-2222-2222-2222-000000000011', 'samir_b', 'samir@example.com', 'user', 20),
('22222222-2222-2222-2222-000000000012', 'rania_g', 'rania@example.com', 'user', 5),
('22222222-2222-2222-2222-000000000013', 'mahmoud_e', 'mahmoud@example.com', 'user', 45),
('22222222-2222-2222-2222-000000000014', 'nour_f', 'nour@example.com', 'user', 65),
('22222222-2222-2222-2222-000000000015', 'adam_j', 'adam@example.com', 'user', 70),
('22222222-2222-2222-2222-000000000016', 'dana_p', 'dana@example.com', 'user', 0),
('22222222-2222-2222-2222-000000000017', 'zaid_v', 'zaid@example.com', 'user', 15),
('22222222-2222-2222-2222-000000000018', 'salma_n', 'salma@example.com', 'user', 50),
('22222222-2222-2222-2222-000000000019', 'karim_d', 'karim@example.com', 'user', 25),
('22222222-2222-2222-2222-000000000020', 'hassan_z', 'hassan@example.com', 'user', 30);

-- ==========================================
-- 2. المباريات التجريبية (Finished & Scheduled)
-- ==========================================
INSERT INTO public.matches (id, home_team, away_team, stage, match_date, status) VALUES
('33333333-3333-3333-3333-000000000001', 'Canada', 'Morocco', 'Group Stage', '2026-06-11 16:00:00+00', 'finished'),
('33333333-3333-3333-3333-000000000002', 'USA', 'Wales', 'Group Stage', '2026-06-12 18:00:00+00', 'finished'),
('33333333-3333-3333-3333-000000000003', 'Mexico', 'Poland', 'Group Stage', '2026-06-13 14:00:00+00', 'finished'),
('33333333-3333-3333-3333-000000000004', 'Argentina', 'Saudi Arabia', 'Group Stage', '2026-06-14 20:00:00+00', 'in_progress'),
('33333333-3333-3333-3333-000000000005', 'Brazil', 'Switzerland', 'Group Stage', '2026-06-15 19:00:00+00', 'scheduled'),
('33333333-3333-3333-3333-000000000006', 'France', 'Australia', 'Group Stage', '2026-06-16 16:00:00+00', 'scheduled');

-- ==========================================
-- 3. نتائج المباريات المنتهية
-- ==========================================
INSERT INTO public.match_results (id, match_id, home_score, away_score) VALUES
('44444444-4444-4444-4444-000000000001', '33333333-3333-3333-3333-000000000001', 1, 2), -- كندا 1 - المغرب 2
('44444444-4444-4444-4444-000000000002', '33333333-3333-3333-3333-000000000002', 1, 1), -- أمريكا 1 - ويلز 1
('44444444-4444-4444-4444-000000000003', '33333333-3333-3333-3333-000000000003', 2, 0); -- المكسيك 2 - بولندا 0

-- ==========================================
-- 4. توقعات المستخدمين
-- ==========================================
INSERT INTO public.predictions (id, user_id, match_id, predicted_home_score, predicted_away_score, points_earned) VALUES
-- توقعات يوسف (النتيجة الصحيحة للمغرب يحصل على 20 نقطة)
('55555555-5555-5555-5555-000000000001', '22222222-2222-2222-2222-000000000005', '33333333-3333-3333-3333-000000000001', 1, 2, 20),
-- توقعات خالد (خمن الفائز فقط - المغرب - يحصل على 10 نقاط)
('55555555-5555-5555-5555-000000000002', '22222222-2222-2222-2222-000000000003', '33333333-3333-3333-3333-000000000001', 0, 1, 10),
-- توقعات أحمد (توقع خطأ - فوز كندا - 0 نقاط)
('55555555-5555-5555-5555-000000000003', '22222222-2222-2222-2222-000000000001', '33333333-3333-3333-3333-000000000001', 2, 0, 0),
-- توقع لـ آدم لمباراة مجدولة
('55555555-5555-5555-5555-000000000004', '22222222-2222-2222-2222-000000000015', '33333333-3333-3333-3333-000000000005', 3, 1, 0);

-- ==========================================
-- 5. سجل النقاط للفائزين (Scores)
-- ==========================================
INSERT INTO public.scores (id, user_id, prediction_id, match_id, points, reason) VALUES
('66666666-6666-6666-6666-000000000001', '22222222-2222-2222-2222-000000000005', '55555555-5555-5555-5555-000000000001', '33333333-3333-3333-3333-000000000001', 20, 'exact_score'),
('66666666-6666-6666-6666-000000000002', '22222222-2222-2222-2222-000000000003', '55555555-5555-5555-5555-000000000002', '33333333-3333-3333-3333-000000000001', 10, 'correct_winner');

-- ==========================================
-- 6. لوحة المتصدرين (Leaderboard)
-- ==========================================
INSERT INTO public.leaderboard (id, user_id, rank, score) VALUES
('77777777-7777-7777-7777-000000000001', '22222222-2222-2222-2222-000000000015', 1, 70),  -- adam_j
('77777777-7777-7777-7777-000000000002', '22222222-2222-2222-2222-000000000014', 2, 65),  -- nour_f
('77777777-7777-7777-7777-000000000003', '22222222-2222-2222-2222-000000000005', 3, 60),  -- youssef_k
('77777777-7777-7777-7777-000000000004', '22222222-2222-2222-2222-000000000010', 4, 55),  -- hadeel_w
('77777777-7777-7777-7777-000000000005', '22222222-2222-2222-2222-000000000003', 5, 50);  -- khaled99

-- 7. إعادة تفعيل قيود المفاتيح الخارجية
SET session_replication_role = 'origin';
